K,mu_f,ks,kf,tb,policy,population,arrivals,accepted,refused_stage1,stage2_refused,blank_pages,permanent_blanks,completed,refused_stage1_rate,blank_pages_rate_given_accepted,permanent_blank_rate_given_accepted,mean_sojourn_weighted
2,1.0,10,5,10.0,fifo,ING,12753,3582,602,1445,1445,1445,2065,0.04720457931467106,0.40340591848129537,0.40340591848129537,7.685601406039385
2,1.0,10,5,10.0,fifo,PREPA,2461,2280,181,529,529,529,1722,0.07354733848029256,0.23201754385964912,0.23201754385964912,8.037762554110602
2,1.0,10,5,10.0,priority_ing,ING,12647,3673,506,1540,1540,1540,2065,0.04000948841622519,0.41927579635175605,0.41927579635175605,6.255132443839281
2,1.0,10,5,10.0,priority_ing,PREPA,2497,2358,139,545,545,545,1787,0.05566680016019223,0.23112807463952503,0.23112807463952503,9.799412207750537
2,1.0,10,5,10.0,split_servers,ING,12654,2763,1516,787,787,787,1934,0.11980401454085665,0.2848353239232718,0.2848353239232718,6.168596711213271
2,1.0,10,5,10.0,split_servers,PREPA,2574,2055,519,385,385,385,1609,0.20163170163170163,0.1873479318734793,0.1873479318734793,18.86017210717186
2,1.0,10,5,30.0,fifo,ING,12662,2916,1203,1325,1325,1325,1591,0.09500868741115148,0.4543895747599451,0.4543895747599451,8.553022216178377
2,1.0,10,5,30.0,fifo,PREPA,2612,2339,273,384,384,384,1906,0.10451761102603369,0.16417272338606242,0.16417272338606242,7.443768452329235
2,1.0,10,5,30.0,priority_ing,ING,12704,3260,901,1706,1706,1706,1554,0.07092254408060453,0.5233128834355828,0.5233128834355828,6.786484638263257
2,1.0,10,5,30.0,priority_ing,PREPA,2622,2423,199,397,397,397,1970,0.07589626239511824,0.16384647131654972,0.16384647131654972,9.457900514530781
2,1.0,10,5,30.0,split_servers,ING,12717,2313,1824,884,884,884,1429,0.14343005425807973,0.382187635105923,0.382187635105923,7.380710791944824
2,1.0,10,5,30.0,split_servers,PREPA,2589,2049,540,339,339,339,1658,0.2085747392815759,0.16544655929721816,0.16544655929721816,16.50375955099692
2,1.0,10,5,,fifo,ING,12649,7855,4794,4432,4432,4432,3331,0.37900229267135743,0.5642266072565245,0.5642266072565245,9.981448161018328
2,1.0,10,5,,fifo,PREPA,2505,1552,953,666,666,666,867,0.38043912175648703,0.42912371134020616,0.42912371134020616,10.801979277951324
2,1.0,10,5,,priority_ing,ING,12676,7966,4710,4467,4467,4467,3450,0.3715683180814137,0.560758222445393,0.560758222445393,6.9883612276068
2,1.0,10,5,,priority_ing,PREPA,2494,1573,921,735,735,735,777,0.3692862870890136,0.4672600127145582,0.4672600127145582,24.69653395810911
2,1.0,10,5,,split_servers,ING,12562,6262,6300,2684,2684,2684,3480,0.5015124980098711,0.42861705525391247,0.42861705525391247,11.538433306211711
2,1.0,10,5,,split_servers,PREPA,2632,1324,1308,614,614,614,689,0.4969604863221885,0.4637462235649547,0.4637462235649547,10.364876342765058
2,1.0,10,30,10.0,fifo,ING,12772,3591,670,1148,1148,1148,2288,0.05245850297525838,0.31968810916179335,0.31968810916179335,29.578024363289593
2,1.0,10,30,10.0,fifo,PREPA,2491,2312,179,406,406,406,1798,0.0718586912886391,0.17560553633217993,0.17560553633217993,30.30546396992709
2,1.0,10,30,10.0,priority_ing,ING,12542,3674,445,1224,1224,1224,2325,0.035480784563865414,0.3331518780620577,0.3331518780620577,28.329225290613255
2,1.0,10,30,10.0,priority_ing,PREPA,2529,2421,108,489,489,489,1809,0.042704626334519574,0.20198265179677818,0.20198265179677818,32.010526601530785
2,1.0,10,30,10.0,split_servers,ING,12734,2721,1491,387,387,387,2223,0.11708811057012722,0.1422271223814774,0.1422271223814774,23.445120568475293
2,1.0,10,30,10.0,split_servers,PREPA,2603,2098,505,187,187,187,1797,0.1940069150979639,0.08913250714966635,0.08913250714966635,34.05018198812165
2,1.0,10,30,30.0,fifo,ING,12662,3064,977,793,793,793,2148,0.0771600063181172,0.2588120104438642,0.2588120104438642,26.395687237639986
2,1.0,10,30,30.0,fifo,PREPA,2511,2327,184,247,247,247,2005,0.07327757865392275,0.10614525139664804,0.10614525139664804,26.126260766328624
2,1.0,10,30,30.0,priority_ing,ING,12657,3250,859,926,926,926,2205,0.06786758315556608,0.28492307692307695,0.28492307692307695,24.847606839008325
2,1.0,10,30,30.0,priority_ing,PREPA,2511,2320,191,251,251,251,1973,0.0760653126244524,0.10818965517241379,0.10818965517241379,28.758816130838323
2,1.0,10,30,30.0,split_servers,ING,12708,2411,1703,216,216,216,2105,0.13401007239534152,0.08958938199917046,0.08958938199917046,21.30604473066419
2,1.0,10,30,30.0,split_servers,PREPA,2523,2021,502,83,83,83,1825,0.19896948077685295,0.04106877783275606,0.04106877783275606,28.549316492284085
2,1.0,10,30,,fifo,ING,12654,8084,4570,4575,4575,4575,3290,0.361150624308519,0.5659327065809006,0.5659327065809006,33.996317261211026
2,1.0,10,30,,fifo,PREPA,2525,1577,948,683,683,683,841,0.37544554455445545,0.4331008243500317,0.4331008243500317,35.09203269338066
2,1.0,10,30,,priority_ing,ING,12685,7963,4722,4329,4329,4329,3435,0.3722506897910918,0.5436393319100842,0.5436393319100842,30.37412246348028
2,1.0,10,30,,priority_ing,PREPA,2554,1567,987,669,669,669,813,0.3864526233359436,0.4269304403318443,0.4269304403318443,48.25236281248913
2,1.0,10,30,,split_servers,ING,12540,6274,6266,2461,2461,2461,3581,0.49968102073365234,0.39225374561683135,0.39225374561683135,34.322394308099106
2,1.0,10,30,,split_servers,PREPA,2617,1317,1300,589,589,589,682,0.4967520061138708,0.4472285497342445,0.4472285497342445,32.39193220186347
2,1.0,30,5,10.0,fifo,ING,12703,4037,143,1829,1829,1829,2125,0.011257183342517515,0.45305920237800346,0.45305920237800346,11.740237541739688
2,1.0,30,5,10.0,fifo,PREPA,2535,2490,45,703,703,703,1757,0.01775147928994083,0.2823293172690763,0.2823293172690763,12.00952074385531
2,1.0,30,5,10.0,priority_ing,ING,12698,4237,56,1973,1973,1973,2171,0.004410143329658214,0.4656596648572103,0.4656596648572103,7.1144621088461975
2,1.0,30,5,10.0,priority_ing,PREPA,2528,2511,17,689,689,689,1740,0.006724683544303798,0.2743926722421346,0.2743926722421346,18.203625826839023
2,1.0,30,5,10.0,split_servers,ING,12608,3099,1049,910,910,910,2130,0.0832011421319797,0.2936431106808648,0.2936431106808648,6.812543297427038
2,1.0,30,5,10.0,split_servers,PREPA,2590,2259,331,459,459,459,1610,0.1277992277992278,0.20318725099601595,0.20318725099601595,47.69155257233856
2,1.0,30,5,30.0,fifo,ING,12708,3979,186,2079,2079,2079,1885,0.014636449480642116,0.5224930887157577,0.5224930887157577,11.617163022059765
2,1.0,30,5,30.0,fifo,PREPA,2487,2440,47,548,548,548,1849,0.01889827100924809,0.22459016393442624,0.22459016393442624,11.055860419687114
2,1.0,30,5,30.0,priority_ing,ING,12529,3993,41,2247,2247,2247,1745,0.0032724080134088913,0.5627347858752817,0.5627347858752817,7.501482491994029
2,1.0,30,5,30.0,priority_ing,PREPA,2571,2560,11,431,431,431,2000,0.004278490859587709,0.168359375,0.168359375,14.014782791032362
2,1.0,30,5,30.0,split_servers,ING,12673,3161,972,1305,1305,1305,1850,0.07669849285883375,0.41284403669724773,0.41284403669724773,10.608689550734066
2,1.0,30,5,30.0,split_servers,PREPA,2507,2276,231,497,497,497,1600,0.09214200239329877,0.21836555360281196,0.21836555360281196,33.693349178783485
2,1.0,30,5,,fifo,ING,12719,7928,4791,4423,4423,4423,3306,0.3766805566475352,0.5578960645812311,0.5578960645812311,18.560177019318658
2,1.0,30,5,,fifo,PREPA,2530,1586,944,676,676,676,862,0.3731225296442688,0.4262295081967213,0.4262295081967213,19.468429782358953
2,1.0,30,5,,priority_ing,ING,12541,8219,4322,4717,4717,4717,3453,0.34462961486324856,0.5739141014721986,0.5739141014721986,7.241549546938864
2,1.0,30,5,,priority_ing,PREPA,2543,1700,843,721,721,721,781,0.33149823043649235,0.42411764705882354,0.42411764705882354,71.70449628762174
2,1.0,30,5,,split_servers,ING,12600,6453,6147,2712,2712,2712,3516,0.4878571428571429,0.4202696420269642,0.4202696420269642,24.192287167290484
2,1.0,30,5,,split_servers,PREPA,2451,1314,1137,586,586,586,702,0.4638922888616891,0.4459665144596651,0.4459665144596651,10.514915788423252
2,1.0,30,30,10.0,fifo,ING,12641,4186,75,1660,1660,1660,2324,0.005933074914959259,0.3965599617773531,0.3965599617773531,33.47160076745415
2,1.0,30,30,10.0,fifo,PREPA,2592,2559,33,617,617,617,1798,0.01273148148148148,0.24110980851895272,0.24110980851895272,34.21889800407539
2,1.0,30,30,10.0,priority_ing,ING,12622,4191,5,1724,1724,1724,2284,0.00039613373474885124,0.4113576712001909,0.4113576712001909,29.87196367974321
2,1.0,30,30,10.0,priority_ing,PREPA,2582,2581,1,622,622,622,1795,0.0003872966692486445,0.2409918636187524,0.2409918636187524,37.44643091550079
2,1.0,30,30,10.0,split_servers,ING,12677,3164,963,701,701,701,2353,0.07596434487654807,0.22155499367888748,0.22155499367888748,27.490055429860735
2,1.0,30,30,10.0,split_servers,PREPA,2591,2280,311,326,326,326,1715,0.12003087610961019,0.14298245614035088,0.14298245614035088,64.5763772548818
2,1.0,30,30,30.0,fifo,ING,12694,3864,223,1548,1548,1548,2176,0.01756735465574287,0.40062111801242234,0.40062111801242234,32.41512493557917
2,1.0,30,30,30.0,fifo,PREPA,2504,2443,61,450,450,450,1909,0.024361022364217253,0.18419975440032746,0.18419975440032746,31.650095854196792
2,1.0,30,30,30.0,priority_ing,ING,12704,4036,78,1779,1779,1779,2124,0.006139798488664987,0.44078295341922696,0.44078295341922696,28.14122203283696
2,1.0,30,30,30.0,priority_ing,PREPA,2468,2450,18,377,377,377,1959,0.007293354943273906,0.15387755102040818,0.15387755102040818,37.810954023923024
2,1.0,30,30,30.0,split_servers,ING,12630,3083,996,696,696,696,2292,0.07885985748218527,0.2257541355822251,0.2257541355822251,28.13517054536083
2,1.0,30,30,30.0,split_servers,PREPA,2516,2263,253,271,271,271,1750,0.10055643879173291,0.11975254087494476,0.11975254087494476,52.56700638429725
2,1.0,30,30,,fifo,ING,12522,8002,4520,4326,4326,4326,3364,0.3609647021242613,0.5406148462884279,0.5406148462884279,41.707839463591185
2,1.0,30,30,,fifo,PREPA,2607,1671,936,734,734,734,835,0.35903337169159955,0.43925792938360264,0.43925792938360264,42.65179857917654
2,1.0,30,30,,priority_ing,ING,12609,8226,4383,4520,4520,4520,3517,0.34760885082084225,0.5494772672015561,0.5494772672015561,30.35500808823125
2,1.0,30,30,,priority_ing,PREPA,2526,1647,879,657,657,657,756,0.3479809976247031,0.3989071038251366,0.3989071038251366,96.31155827808199
2,1.0,30,30,,split_servers,ING,12582,6468,6114,2609,2609,2609,3468,0.485932284215546,0.4033704390847248,0.4033704390847248,47.16111349003653
2,1.0,30,30,,split_servers,PREPA,2565,1349,1216,559,559,559,749,0.4740740740740741,0.4143810229799852,0.4143810229799852,33.49021393343251
2,2.0,10,5,10.0,fifo,ING,12637,3606,504,372,372,372,3174,0.03988288359579014,0.10316139767054909,0.10316139767054909,4.618844151212355
2,2.0,10,5,10.0,fifo,PREPA,2465,2331,134,90,90,90,2226,0.05436105476673428,0.03861003861003861,0.03861003861003861,5.148693856282286
2,2.0,10,5,10.0,priority_ing,ING,12581,3625,530,352,352,352,3201,0.04212701693029171,0.09710344827586206,0.09710344827586206,3.500762729194228
2,2.0,10,5,10.0,priority_ing,PREPA,2573,2437,136,97,97,97,2324,0.052856587640886125,0.039803036520311856,0.039803036520311856,6.697821762230961
2,2.0,10,5,10.0,split_servers,ING,12715,2834,1316,132,132,132,2652,0.10349980338183248,0.0465772759350741,0.0465772759350741,3.8210075653433604
2,2.0,10,5,10.0,split_servers,PREPA,2525,2085,440,73,73,73,1983,0.17425742574257425,0.03501199040767386,0.03501199040767386,14.173028926773107
2,2.0,10,5,30.0,fifo,ING,12562,2930,1149,468,468,468,2462,0.09146632701799076,0.1597269624573379,0.1597269624573379,5.560296451487422
2,2.0,10,5,30.0,fifo,PREPA,2556,2309,247,94,94,94,2200,0.09663536776212832,0.040710264183629274,0.040710264183629274,4.798853134324819
2,2.0,10,5,30.0,priority_ing,ING,12447,3355,690,756,756,756,2599,0.055435044589057604,0.22533532041728763,0.22533532041728763,3.919062717288613
2,2.0,10,5,30.0,priority_ing,PREPA,2554,2391,163,81,81,81,2284,0.06382145653876273,0.033877038895859475,0.033877038895859475,6.541210933884819
2,2.0,10,5,30.0,split_servers,ING,12685,2285,1893,205,205,205,2080,0.1492313756405203,0.08971553610503283,0.08971553610503283,4.896347896143212
2,2.0,10,5,30.0,split_servers,PREPA,2601,2013,588,56,56,56,1896,0.22606689734717417,0.027819175360158967,0.027819175360158967,14.15138960660997
2,2.0,10,5,,fifo,ING,12689,7899,4790,1783,1783,1783,6024,0.37749231617936796,0.22572477528801113,0.22572477528801113,6.63261486684262
2,2.0,10,5,,fifo,PREPA,2530,1613,917,262,262,262,1337,0.3624505928853755,0.1624302541847489,0.1624302541847489,7.565242694027473
2,2.0,10,5,,priority_ing,ING,12679,7858,4821,1583,1583,1583,6221,0.3802350343086994,0.2014507508271825,0.2014507508271825,3.714799491525319
2,2.0,10,5,,priority_ing,PREPA,2526,1570,956,257,257,257,1261,0.3784639746634996,0.16369426751592356,0.16369426751592356,21.44469917418228
2,2.0,10,5,,split_servers,ING,12658,6319,6339,638,638,638,5599,0.5007900142202559,0.10096534261750277,0.10096534261750277,8.090793276879909
2,2.0,10,5,,split_servers,PREPA,2501,1244,1257,129,129,129,1106,0.5025989604158336,0.10369774919614148,0.10369774919614148,6.871956542637949
2,2.0,10,30,10.0,fifo,ING,12626,3690,574,0,0,0,3614,0.045461745604308566,0.0,0.0,5.116720928970842
2,2.0,10,30,10.0,fifo,PREPA,2440,2291,149,0,0,0,2272,0.0610655737704918,0.0,0.0,5.67522611080799
2,2.0,10,30,10.0,priority_ing,ING,12686,3590,608,0,0,0,3524,0.047926848494403276,0.0,0.0,4.286300072864666
2,2.0,10,30,10.0,priority_ing,PREPA,2532,2398,134,0,0,0,2369,0.05292259083728278,0.0,0.0,7.474290513790585
2,2.0,10,30,10.0,split_servers,ING,12576,2754,1342,0,0,0,2692,0.10671119592875318,0.0,0.0,3.800670412920106
2,2.0,10,30,10.0,split_servers,PREPA,2548,2116,432,0,0,0,2080,0.1695447409733124,0.0,0.0,14.567341276600159
2,2.0,10,30,30.0,fifo,ING,12571,2965,1141,0,0,0,2965,0.09076445787924588,0.0,0.0,6.5863984242819615
2,2.0,10,30,30.0,fifo,PREPA,2473,2233,240,0,0,0,2215,0.09704811969268096,0.0,0.0,5.591112751974498
2,2.0,10,30,30.0,priority_ing,ING,12621,3333,828,0,0,0,3333,0.06560494414071785,0.0,0.0,5.896478660330449
2,2.0,10,30,30.0,priority_ing,PREPA,2507,2348,159,0,0,0,2315,0.0634224172317511,0.0,0.0,8.3961621274985
2,2.0,10,30,30.0,split_servers,ING,12572,2357,1807,0,0,0,2357,0.14373210308622336,0.0,0.0,5.5615783774789795
2,2.0,10,30,30.0,split_servers,PREPA,2533,2041,492,0,0,0,1996,0.19423608369522305,0.0,0.0,12.837464850126137
2,2.0,10,30,,fifo,ING,12533,8049,4484,889,889,889,6960,0.3577754727519349,0.11044850291961734,0.11044850291961734,15.089084760118118
2,2.0,10,30,,fifo,PREPA,2456,1582,874,109,109,109,1431,0.3558631921824104,0.06890012642225031,0.06890012642225031,15.88550004335434
2,2.0,10,30,,priority_ing,ING,12645,7847,4798,816,816,816,6855,0.3794385132463424,0.10398878552312986,0.10398878552312986,12.425837944074141
2,2.0,10,30,,priority_ing,PREPA,2567,1630,937,147,147,147,1408,0.3650175301908843,0.09018404907975461,0.09018404907975461,29.22456486010734
2,2.0,10,30,,split_servers,ING,12669,6263,6406,6,6,6,6162,0.5056436972136712,0.0009580073447229762,0.0009580073447229762,10.388443717929269
2,2.0,10,30,,split_servers,PREPA,2519,1233,1286,2,2,2,1216,0.5105200476379516,0.0016220600162206002,0.0016220600162206002,9.0595210020791
2,2.0,30,5,10.0,fifo,ING,12582,4162,43,519,519,519,3560,0.0034175806707995547,0.12469966362325804,0.12469966362325804,7.431681173875874
2,2.0,30,5,10.0,fifo,PREPA,2488,2475,13,145,145,145,2301,0.00522508038585209,0.05858585858585859,0.05858585858585859,8.262940993788009
2,2.0,30,5,10.0,priority_ing,ING,12499,4103,46,548,548,548,3482,0.0036802944235538844,0.13356080916402632,0.13356080916402632,3.998859506905895
2,2.0,30,5,10.0,priority_ing,PREPA,2517,2501,16,149,149,149,2293,0.006356773937226857,0.059576169532187126,0.059576169532187126,13.104292329393713
2,2.0,30,5,10.0,split_servers,ING,12700,3458,839,223,223,223,3197,0.06606299212598425,0.06448814343551186,0.06448814343551186,4.805432658784909
2,2.0,30,5,10.0,split_servers,PREPA,2526,2277,249,92,92,92,1989,0.09857482185273159,0.04040404040404041,0.04040404040404041,36.47491425178011
2,2.0,30,5,30.0,fifo,ING,12614,3901,203,742,742,742,3135,0.01609322974472808,0.1902076390669059,0.1902076390669059,8.925352721788629
2,2.0,30,5,30.0,fifo,PREPA,2571,2509,62,127,127,127,2310,0.024115130299494362,0.05061777600637704,0.05061777600637704,8.538461171130914
2,2.0,30,5,30.0,priority_ing,ING,12638,3995,142,1004,1004,1004,2991,0.011235955056179775,0.25131414267834795,0.25131414267834795,4.989799991988788
2,2.0,30,5,30.0,priority_ing,PREPA,2555,2530,25,77,77,77,2385,0.009784735812133072,0.030434782608695653,0.030434782608695653,14.008360644864695
2,2.0,30,5,30.0,split_servers,ING,12588,3162,850,328,328,328,2833,0.06752462662853512,0.10373181530676787,0.10373181530676787,7.487326976038352
2,2.0,30,5,30.0,split_servers,PREPA,2474,2247,227,131,131,131,1982,0.09175424413904608,0.05829995549621718,0.05829995549621718,31.745163878427807
2,2.0,30,5,,fifo,ING,12767,8130,4637,1974,1974,1974,5963,0.3632020051695778,0.24280442804428043,0.24280442804428043,14.932947726909253
2,2.0,30,5,,fifo,PREPA,2557,1654,903,265,265,265,1346,0.3531482205709816,0.16021765417170497,0.16021765417170497,15.765029566671476
2,2.0,30,5,,priority_ing,ING,12601,8102,4499,1780,1780,1780,6273,0.3570351559400048,0.2196988397926438,0.2196988397926438,3.99115603079717
2,2.0,30,5,,priority_ing,PREPA,2609,1704,905,268,268,268,1241,0.346876197776926,0.1572769953051643,0.1572769953051643,69.90352520425341
2,2.0,30,5,,split_servers,ING,12556,6449,6107,621,621,621,5601,0.48638101306148457,0.0962939990696232,0.0962939990696232,20.82004652717125
2,2.0,30,5,,split_servers,PREPA,2578,1345,1233,154,154,154,1183,0.478277734678045,0.11449814126394052,0.11449814126394052,7.442449480027308
2,2.0,30,30,10.0,fifo,ING,12697,4119,60,0,0,0,4028,0.004725525714735764,0.0,0.0,9.601982416695835
2,2.0,30,30,10.0,fifo,PREPA,2493,2479,14,0,0,0,2442,0.005615724027276374,0.0,0.0,9.882721990443088
2,2.0,30,30,10.0,priority_ing,ING,12728,4230,36,0,0,0,4147,0.0028284098051539913,0.0,0.0,5.568759366679707
2,2.0,30,30,10.0,priority_ing,PREPA,2490,2472,18,0,0,0,2412,0.007228915662650603,0.0,0.0,14.33874440990333
2,2.0,30,30,10.0,split_servers,ING,12578,3427,783,0,0,0,3389,0.06225155032596597,0.0,0.0,5.211974135603232
2,2.0,30,30,10.0,split_servers,PREPA,2544,2223,321,0,0,0,2029,0.12617924528301888,0.0,0.0,37.769068580909774
2,2.0,30,30,30.0,fifo,ING,12798,3964,237,1,1,1,3930,0.018518518518518517,0.0002522704339051463,0.0002522704339051463,10.855234462376606
2,2.0,30,30,30.0,fifo,PREPA,2472,2415,57,0,0,0,2347,0.023058252427184466,0.0,0.0,10.076049381060844
2,2.0,30,30,30.0,priority_ing,ING,12617,4033,80,2,2,2,4016,0.006340651501941824,0.0004959087527894868,0.0004959087527894868,7.607409887058156
2,2.0,30,30,30.0,priority_ing,PREPA,2498,2480,18,0,0,0,2387,0.007205764611689352,0.0,0.0,15.436766403220306
2,2.0,30,30,30.0,split_servers,ING,12609,3115,876,0,0,0,3091,0.06947418510587676,0.0,0.0,8.229286347753513
2,2.0,30,30,30.0,split_servers,PREPA,2504,2258,246,0,0,0,2119,0.09824281150159744,0.0,0.0,31.74580038834459
2,2.0,30,30,,fifo,ING,12661,7966,4695,761,761,761,6909,0.3708237895900798,0.09553100677880995,0.09553100677880995,23.424349325173196
2,2.0,30,30,,fifo,PREPA,2536,1611,925,94,94,94,1452,0.36474763406940064,0.05834885164494103,0.05834885164494103,24.095022830349297
2,2.0,30,30,,priority_ing,ING,12571,8294,4277,1121,1121,1121,7053,0.34022750775594623,0.1351579455027731,0.1351579455027731,13.816505543552056
2,2.0,30,30,,priority_ing,PREPA,2541,1663,878,148,148,148,1306,0.34553325462416373,0.08899579073962718,0.08899579073962718,80.6645742799573
2,2.0,30,30,,split_servers,ING,12615,6455,6160,12,12,12,6178,0.4883075703527547,0.0018590240123934935,0.0018590240123934935,23.59454767122514
2,2.0,30,30,,split_servers,PREPA,2611,1314,1297,6,6,6,1293,0.49674454232094983,0.0045662100456621,0.0045662100456621,10.106467584418537
3,1.0,10,5,10.0,fifo,ING,12727,4094,98,1971,1971,1971,2058,0.00770016500353579,0.4814362481680508,0.4814362481680508,5.969704943267149
3,1.0,10,5,10.0,fifo,PREPA,2533,2494,39,698,698,698,1777,0.015396762731938412,0.27987169206094625,0.27987169206094625,6.4354910914621195
3,1.0,10,5,10.0,priority_ing,ING,12635,4114,46,2030,2030,2030,2034,0.0036406806489908982,0.4934370442391833,0.4934370442391833,5.754881504943748
3,1.0,10,5,10.0,priority_ing,PREPA,2529,2522,7,726,726,726,1784,0.00276789244760775,0.28786677240285485,0.28786677240285485,6.830533558381653
3,1.0,10,5,10.0,split_servers,ING,12700,3101,1112,1142,1142,1142,1928,0.08755905511811024,0.36826830054821025,0.36826830054821025,5.133142342253055
3,1.0,10,5,10.0,split_servers,PREPA,2529,2098,431,434,434,434,1601,0.17042309213127718,0.20686367969494757,0.20686367969494757,19.752710488130315
3,1.0,10,5,30.0,fifo,ING,12565,3797,261,2319,2319,2319,1476,0.02077198567449264,0.6107453252567817,0.6107453252567817,6.648571976955294
3,1.0,10,5,30.0,fifo,PREPA,2547,2491,56,568,568,568,1904,0.02198665096191598,0.22802087515054195,0.22802087515054195,5.665747747146159
3,1.0,10,5,30.0,priority_ing,ING,12685,3905,199,2386,2386,2386,1519,0.015687820260149782,0.61101152368758,0.61101152368758,6.177079753367299
3,1.0,10,5,30.0,priority_ing,PREPA,2488,2450,38,541,541,541,1882,0.01527331189710611,0.22081632653061226,0.22081632653061226,6.019023582012947
3,1.0,10,5,30.0,split_servers,ING,12834,3150,1026,1732,1732,1732,1418,0.07994389901823282,0.5498412698412698,0.5498412698412698,5.975117484378221
3,1.0,10,5,30.0,split_servers,PREPA,2447,2082,365,453,453,453,1580,0.1491622394769105,0.21757925072046108,0.21757925072046108,18.680515894167815
3,1.0,10,5,,fifo,ING,12585,11099,1486,7615,7615,7615,3422,0.11807707588398887,0.6860978466528516,0.6860978466528516,7.813820988365112
3,1.0,10,5,,fifo,PREPA,2578,2280,298,1387,1387,1387,861,0.11559348332040341,0.6083333333333333,0.6083333333333333,9.031408033703128
3,1.0,10,5,,priority_ing,ING,12795,11493,1302,8125,8125,8125,3296,0.10175849941383353,0.7069520577742974,0.7069520577742974,7.177920066895417
3,1.0,10,5,,priority_ing,PREPA,2543,2265,278,1425,1425,1425,808,0.10931970114038538,0.6291390728476821,0.6291390728476821,13.051669657408308
3,1.0,10,5,,split_servers,ING,12578,10060,2518,6579,6579,6579,3433,0.20019080934965813,0.653976143141153,0.653976143141153,7.1182571878776155
3,1.0,10,5,,split_servers,PREPA,2609,2083,526,1312,1312,1312,701,0.20160981218857799,0.6298607777244359,0.6298607777244359,18.244266907070795
3,1.0,10,30,10.0,fifo,ING,12763,4147,136,1731,1731,1731,2249,0.010655801927446525,0.41741017603086567,0.41741017603086567,29.05610995750606
3,1.0,10,30,10.0,fifo,PREPA,2572,2539,33,657,657,657,1793,0.012830482115085537,0.2587632926348956,0.2587632926348956,30.009835170547806
3,1.0,10,30,10.0,priority_ing,ING,12672,4098,65,1587,1587,1587,2351,0.005129419191919192,0.38726207906295756,0.38726207906295756,27.764653349209617
3,1.0,10,30,10.0,priority_ing,PREPA,2536,2526,10,610,610,610,1809,0.003943217665615142,0.2414885193982581,0.2414885193982581,29.26258155892886
3,1.0,10,30,10.0,split_servers,ING,12694,2818,1381,332,332,332,2348,0.10879155506538522,0.11781405251951739,0.11781405251951739,20.260384914051347
3,1.0,10,30,10.0,split_servers,PREPA,2581,2054,527,122,122,122,1802,0.20418442464161177,0.05939629990262902,0.05939629990262902,36.94854954873203
3,1.0,10,30,30.0,fifo,ING,12674,3798,325,1600,1600,1600,2093,0.02564304876124349,0.421274354923644,0.421274354923644,26.941207338691857
3,1.0,10,30,30.0,fifo,PREPA,2569,2492,77,431,431,431,1969,0.02997275204359673,0.17295345104333867,0.17295345104333867,25.579171948899706
3,1.0,10,30,30.0,priority_ing,ING,12588,3949,186,1787,1787,1787,2062,0.014775977121067683,0.4525196252215751,0.4525196252215751,26.02755827783349
3,1.0,10,30,30.0,priority_ing,PREPA,2621,2571,50,448,448,448,2037,0.01907668828691339,0.17425126409957215,0.17425126409957215,26.52300363717121
3,1.0,10,30,30.0,split_servers,ING,12713,3078,1024,754,754,754,2223,0.0805474710925824,0.24496426250812214,0.24496426250812214,21.45497746639674
3,1.0,10,30,30.0,split_servers,PREPA,2540,2065,475,192,192,192,1758,0.18700787401574803,0.09297820823244551,0.09297820823244551,34.715961884817766
3,1.0,10,30,,fifo,ING,12734,11127,1607,7536,7536,7536,3392,0.12619758127846709,0.677271501752494,0.677271501752494,31.843258076560495
3,1.0,10,30,,fifo,PREPA,2572,2274,298,1414,1414,1414,793,0.11586314152410575,0.6218117854001759,0.6218117854001759,33.5190184817453
3,1.0,10,30,,priority_ing,ING,12762,11472,1290,7837,7837,7837,3434,0.10108133521391631,0.6831415620641562,0.6831415620641562,30.67722635064177
3,1.0,10,30,,priority_ing,PREPA,2486,2233,253,1384,1384,1384,786,0.10176991150442478,0.619793999104344,0.619793999104344,36.75060396549193
3,1.0,10,30,,split_servers,ING,12649,9886,2763,6209,6209,6209,3476,0.21843624001897383,0.6280598826623508,0.6280598826623508,30.78922881266519
3,1.0,10,30,,split_servers,PREPA,2590,1988,602,1190,1190,1190,719,0.23243243243243245,0.5985915492957746,0.5985915492957746,43.52745151564815
3,1.0,30,5,10.0,fifo,ING,12553,4058,0,1944,1944,1944,2068,0.0,0.47905372104484967,0.47905372104484967,6.0101399986749575
3,1.0,30,5,10.0,fifo,PREPA,2660,2660,0,757,757,757,1878,0.0,0.28458646616541355,0.28458646616541355,6.766003269165187
3,1.0,30,5,10.0,priority_ing,ING,12706,4240,0,2219,2219,2219,1974,0.0,0.5233490566037736,0.5233490566037736,5.749664389603576
3,1.0,30,5,10.0,priority_ing,PREPA,2579,2579,0,738,738,738,1812,0.0,0.2861574253586662,0.2861574253586662,6.982302953506942
3,1.0,30,5,10.0,split_servers,ING,12629,3548,678,1489,1489,1489,2014,0.05368596088368042,0.41967305524239007,0.41967305524239007,5.332722210043918
3,1.0,30,5,10.0,split_servers,PREPA,2527,2292,235,487,487,487,1632,0.09299564701226751,0.212478184991274,0.212478184991274,42.10002728385077
3,1.0,30,5,30.0,fifo,ING,12812,4175,3,2585,2585,2585,1589,0.0002341554792382142,0.6191616766467066,0.6191616766467066,7.311964099218196
3,1.0,30,5,30.0,fifo,PREPA,2532,2532,0,707,707,707,1787,0.0,0.2792259083728278,0.2792259083728278,6.143163318831507
3,1.0,30,5,30.0,priority_ing,ING,12603,4028,0,2523,2523,2523,1505,0.0,0.6263654419066534,0.6263654419066534,6.391404728461954
3,1.0,30,5,30.0,priority_ing,PREPA,2578,2578,0,640,640,640,1905,0.0,0.2482544608223429,0.2482544608223429,6.670762826715926
3,1.0,30,5,30.0,split_servers,ING,12619,3600,484,2114,2114,2114,1484,0.038354861716459306,0.5872222222222222,0.5872222222222222,6.245105276521968
3,1.0,30,5,30.0,split_servers,PREPA,2482,2294,188,506,506,506,1599,0.0757453666398066,0.22057541412380122,0.22057541412380122,39.67265005472633
3,1.0,30,5,,fifo,ING,12610,11653,957,8137,8137,8137,3339,0.07589214908802537,0.6982751222861066,0.6982751222861066,11.705581652780113
3,1.0,30,5,,fifo,PREPA,2579,2388,191,1450,1450,1450,890,0.07405971306708026,0.6072026800670016,0.6072026800670016,12.98565173702629
3,1.0,30,5,,priority_ing,ING,12569,12014,555,8657,8657,8657,3294,0.04415625745882727,0.7205759946728817,0.7205759946728817,7.380940022548567
3,1.0,30,5,,priority_ing,PREPA,2541,2429,112,1428,1428,1428,857,0.0440771349862259,0.5878962536023055,0.5878962536023055,35.68785341232745
3,1.0,30,5,,split_servers,ING,12630,11230,1400,7656,7656,7656,3507,0.11084718923198733,0.6817453250222618,0.6817453250222618,8.372216191133488
3,1.0,30,5,,split_servers,PREPA,2579,2285,294,1469,1469,1469,654,0.113997673516867,0.6428884026258206,0.6428884026258206,40.749077892710105
3,1.0,30,30,10.0,fifo,ING,12714,4288,0,1689,1689,1689,2451,0.0,0.39388992537313433,0.39388992537313433,27.674133093484865
3,1.0,30,30,10.0,fifo,PREPA,2475,2475,0,590,590,590,1776,0.0,0.2383838383838384,0.2383838383838384,28.53088248828101
3,1.0,30,30,10.0,priority_ing,ING,12662,4184,0,1691,1691,1691,2312,0.0,0.40415869980879543,0.40415869980879543,27.815926486094696
3,1.0,30,30,10.0,priority_ing,PREPA,2524,2524,0,643,643,643,1788,0.0,0.25475435816164815,0.25475435816164815,29.78073687352853
3,1.0,30,30,10.0,split_servers,ING,12677,3556,626,1021,1021,1021,2407,0.04938076832058058,0.2871203599550056,0.2871203599550056,25.096698905486228
3,1.0,30,30,10.0,split_servers,PREPA,2540,2291,249,314,314,314,1685,0.09803149606299212,0.13705805325185508,0.13705805325185508,62.10566452482433
3,1.0,30,30,30.0,fifo,ING,12568,4096,0,1943,1943,1943,2043,0.0,0.474365234375,0.474365234375,28.772582550696914
3,1.0,30,30,30.0,fifo,PREPA,2601,2601,0,577,577,577,1951,0.0,0.22183775470972703,0.22183775470972703,27.167298376853203
3,1.0,30,30,30.0,priority_ing,ING,12571,4111,0,1896,1896,1896,2131,0.0,0.4612016540987594,0.4612016540987594,25.932082962326426
3,1.0,30,30,30.0,priority_ing,PREPA,2574,2574,0,521,521,521,1969,0.0,0.2024087024087024,0.2024087024087024,27.16296966937653
3,1.0,30,30,30.0,split_servers,ING,12571,3531,541,1163,1163,1163,2271,0.0430355580303874,0.329368450863778,0.329368450863778,24.515784792275344
3,1.0,30,30,30.0,split_servers,PREPA,2539,2317,222,309,309,309,1766,0.08743599842457661,0.13336210617177385,0.13336210617177385,58.90749504597847
3,1.0,30,30,,fifo,ING,12743,11744,999,8135,8135,8135,3304,0.0783959821078239,0.6926941416893733,0.6926941416893733,35.71586972442007
3,1.0,30,30,,fifo,PREPA,2559,2381,178,1460,1460,1460,847,0.06955842125830403,0.6131877362452751,0.6131877362452751,37.021893534162785
3,1.0,30,30,,priority_ing,ING,12528,11949,579,8378,8378,8378,3379,0.04621647509578544,0.701146539459369,0.701146539459369,30.93505273562874
3,1.0,30,30,,priority_ing,PREPA,2539,2433,106,1398,1398,1398,837,0.041748719968491534,0.5745992601726264,0.5745992601726264,58.82089070966107
3,1.0,30,30,,split_servers,ING,12697,11368,1329,7621,7621,7621,3513,0.10467039458139718,0.6703905700211119,0.6703905700211119,32.12148682418696
3,1.0,30,30,,split_servers,PREPA,2534,2269,265,1403,1403,1403,685,0.10457774269928966,0.618334067871309,0.618334067871309,61.72926869656973
3,2.0,10,5,10.0,fifo,ING,12605,4092,79,705,705,705,3334,0.006267354224514082,0.17228739002932553,0.17228739002932553,3.2574530985234134
3,2.0,10,5,10.0,fifo,PREPA,2596,2577,19,195,195,195,2368,0.007318952234206471,0.07566938300349244,0.07566938300349244,3.8319852485216934
3,2.0,10,5,10.0,priority_ing,ING,12794,4225,77,880,880,880,3289,0.006018446146631233,0.20828402366863905,0.20828402366863905,3.044758343751998
3,2.0,10,5,10.0,priority_ing,PREPA,2579,2560,19,248,248,248,2292,0.007367196587824738,0.096875,0.096875,4.155337837943239
3,2.0,10,5,10.0,split_servers,ING,12613,3264,1005,415,415,415,2813,0.07967969555220804,0.12714460784313725,0.12714460784313725,2.6292753153728845
3,2.0,10,5,10.0,split_servers,PREPA,2480,2125,355,129,129,129,1934,0.1431451612903226,0.06070588235294118,0.06070588235294118,16.139384214434052
3,2.0,10,5,30.0,fifo,ING,12681,3895,288,1254,1254,1254,2641,0.0227111426543648,0.32195121951219513,0.32195121951219513,3.97420592268677
3,2.0,10,5,30.0,fifo,PREPA,2504,2446,58,221,221,221,2209,0.0231629392971246,0.09035159443990189,0.09035159443990189,3.6485330615295846
3,2.0,10,5,30.0,priority_ing,ING,12601,3982,182,1362,1362,1362,2620,0.014443298150940401,0.3420391762933199,0.3420391762933199,3.39404807837598
3,2.0,10,5,30.0,priority_ing,PREPA,2536,2496,40,246,246,246,2233,0.015772870662460567,0.0985576923076923,0.0985576923076923,4.210234631612016
3,2.0,10,5,30.0,split_servers,ING,12748,2881,1286,667,667,667,2214,0.1008785691873235,0.23151683443248872,0.23151683443248872,3.10938724790069
3,2.0,10,5,30.0,split_servers,PREPA,2592,2033,559,167,167,167,1810,0.21566358024691357,0.08214461387112641,0.08214461387112641,19.018319793224105
3,2.0,10,5,,fifo,ING,12576,11144,1432,4418,4418,4418,6657,0.1138676844783715,0.3964465183058148,0.3964465183058148,4.705497631828643
3,2.0,10,5,,fifo,PREPA,2473,2206,267,696,696,696,1489,0.10796603315810756,0.3155031731640979,0.3155031731640979,5.90962645673958
3,2.0,10,5,,priority_ing,ING,12673,11350,1323,4642,4642,4642,6666,0.10439517083563482,0.4089867841409692,0.4089867841409692,3.861875568019728
3,2.0,10,5,,priority_ing,PREPA,2502,2248,254,776,776,776,1436,0.10151878497202238,0.34519572953736655,0.34519572953736655,9.930795781512936
3,2.0,10,5,,split_servers,ING,12758,10392,2366,3678,3678,3678,6646,0.18545226524533626,0.3539260969976905,0.3539260969976905,4.066710819689315
3,2.0,10,5,,split_servers,PREPA,2535,2074,461,724,724,724,1306,0.18185404339250494,0.3490838958534233,0.3490838958534233,14.385970598919188
3,2.0,10,30,10.0,fifo,ING,12606,3988,129,0,0,0,3915,0.010233222275107092,0.0,0.0,4.634555190279298
3,2.0,10,30,10.0,fifo,PREPA,2624,2590,34,0,0,0,2574,0.012957317073170731,0.0,0.0,5.23969800330753
3,2.0,10,30,10.0,priority_ing,ING,12710,4221,86,0,0,0,4124,0.006766325727773407,0.0,0.0,4.570647388049571
3,2.0,10,30,10.0,priority_ing,PREPA,2580,2558,22,0,0,0,2512,0.008527131782945736,0.0,0.0,5.964498541566832
3,2.0,10,30,10.0,split_servers,ING,12583,3370,799,0,0,0,3332,0.06349837081777,0.0,0.0,3.4378318610513108
3,2.0,10,30,10.0,split_servers,PREPA,2442,2141,301,0,0,0,2073,0.12325962325962327,0.0,0.0,15.386535080336534
3,2.0,10,30,30.0,fifo,ING,12582,3789,285,27,27,27,3749,0.022651406771578446,0.007125890736342043,0.007125890736342043,7.189151222568744
3,2.0,10,30,30.0,fifo,PREPA,2565,2491,74,9,9,9,2455,0.02884990253411306,0.0036130068245684463,0.0036130068245684463,6.120025356270672
3,2.0,10,30,30.0,priority_ing,ING,12647,3961,194,17,17,17,3935,0.015339606230726655,0.004291845493562232,0.004291845493562232,7.265404691367611
3,2.0,10,30,30.0,priority_ing,PREPA,2594,2563,31,12,12,12,2504,0.011950655358519661,0.0046820132657042525,0.0046820132657042525,8.12191859991876
3,2.0,10,30,30.0,split_servers,ING,12717,2977,1213,5,5,5,2972,0.09538413147754973,0.0016795431642593216,0.0016795431642593216,5.872449882136645
3,2.0,10,30,30.0,split_servers,PREPA,2489,2041,448,2,2,2,1994,0.1799919646444355,0.0009799118079372856,0.0009799118079372856,18.568713398418915
3,2.0,10,30,,fifo,ING,12513,11145,1368,4130,4130,4130,6798,0.10932630064732678,0.3705697622252131,0.3705697622252131,16.452728408334107
3,2.0,10,30,,fifo,PREPA,2542,2270,272,636,636,636,1584,0.10700236034618411,0.2801762114537445,0.2801762114537445,17.699505480497663
3,2.0,10,30,,priority_ing,ING,12775,11328,1447,4336,4336,4336,6792,0.11326810176125245,0.3827683615819209,0.3827683615819209,15.909323621713428
3,2.0,10,30,,priority_ing,PREPA,2563,2294,269,733,733,733,1491,0.10495513070620367,0.31952920662598083,0.31952920662598083,22.333636143932377
3,2.0,10,30,,split_servers,ING,12745,10084,2661,2962,2962,2962,6916,0.20878775990584542,0.2937326457754859,0.2937326457754859,15.25005627886823
3,2.0,10,30,,split_servers,PREPA,2527,2006,521,537,537,537,1404,0.20617332805698457,0.2676969092721834,0.2676969092721834,26.731078246695056
3,2.0,30,5,10.0,fifo,ING,12539,4193,0,762,762,762,3342,0.0,0.1817314571905557,0.1817314571905557,3.32582202827783
3,2.0,30,5,10.0,fifo,PREPA,2569,2569,0,225,225,225,2315,0.0,0.08758271701050993,0.08758271701050993,3.915532582773738
3,2.0,30,5,10.0,priority_ing,ING,12728,4244,0,829,829,829,3343,0.0,0.19533459000942507,0.19533459000942507,3.046417288442143
3,2.0,30,5,10.0,priority_ing,PREPA,2501,2501,0,228,228,228,2252,0.0,0.09116353458616554,0.09116353458616554,4.09359203583725
3,2.0,30,5,10.0,split_servers,ING,12672,3376,942,497,497,497,2843,0.07433712121212122,0.14721563981042654,0.14721563981042654,2.6721566078522296
3,2.0,30,5,10.0,split_servers,PREPA,2560,2179,381,126,126,126,1850,0.148828125,0.0578246902248738,0.0578246902248738,46.253785340381974
3,2.0,30,5,30.0,fifo,ING,12554,4101,3,1229,1229,1229,2872,0.00023896765971005257,0.2996830041453304,0.2996830041453304,4.223372490879975
3,2.0,30,5,30.0,fifo,PREPA,2549,2549,0,212,212,212,2327,0.0,0.08316987053746568,0.08316987053746568,4.13622844743448
3,2.0,30,5,30.0,priority_ing,ING,12564,4120,13,1369,1369,1369,2751,0.0010347023241006048,0.33228155339805826,0.33228155339805826,3.5531242605800055
3,2.0,30,5,30.0,priority_ing,PREPA,2530,2526,4,228,228,228,2288,0.0015810276679841897,0.09026128266033254,0.09026128266033254,4.665148244000035
3,2.0,30,5,30.0,split_servers,ING,12625,3085,1066,710,710,710,2375,0.08443564356435644,0.23014586709886548,0.23014586709886548,3.1489821710888104
3,2.0,30,5,30.0,split_servers,PREPA,2571,2178,393,133,133,133,1844,0.1528588098016336,0.06106519742883379,0.06106519742883379,51.26563154460756
3,2.0,30,5,,fifo,ING,12649,11824,825,5134,5134,5134,6520,0.06522254723693573,0.4342016238159675,0.4342016238159675,8.535223486300213
3,2.0,30,5,,fifo,PREPA,2524,2369,155,810,810,810,1518,0.06141045958795563,0.3419164204305614,0.3419164204305614,9.8042748521528
3,2.0,30,5,,priority_ing,ING,12600,11749,851,5016,5016,5016,6681,0.06753968253968254,0.4269299514852328,0.4269299514852328,4.09491958762815
3,2.0,30,5,,priority_ing,PREPA,2600,2442,158,806,806,806,1479,0.06076923076923077,0.33005733005733007,0.33005733005733007,34.34636938858079
3,2.0,30,5,,split_servers,ING,12781,11317,1464,4309,4309,4309,6937,0.11454502777560441,0.3807546169479544,0.3807546169479544,5.0854790588782235
3,2.0,30,5,,split_servers,PREPA,2441,2157,284,779,779,779,1213,0.11634575993445309,0.36114974501622626,0.36114974501622626,40.72567779149372
3,2.0,30,30,10.0,fifo,ING,12589,4110,0,0,0,0,4040,0.0,0.0,0.0,4.914081876819164
3,2.0,30,30,10.0,fifo,PREPA,2557,2557,0,0,0,0,2527,0.0,0.0,0.0,5.512057241057873
3,2.0,30,30,10.0,priority_ing,ING,12650,4190,0,3,3,3,4125,0.0,0.0007159904534606205,0.0007159904534606205,4.741638240829917
3,2.0,30,30,10.0,priority_ing,PREPA,2532,2532,0,4,4,4,2504,0.0,0.001579778830963665,0.001579778830963665,6.147640302697161
3,2.0,30,30,10.0,split_servers,ING,12696,3808,413,0,0,0,3758,0.0325299306868305,0.0,0.0,3.954511158831091
3,2.0,30,30,10.0,split_servers,PREPA,2411,2278,133,0,0,0,2094,0.05516383243467441,0.0,0.0,36.08943188841569
3,2.0,30,30,30.0,fifo,ING,12494,4065,0,49,49,49,4002,0.0,0.012054120541205412,0.012054120541205412,7.952858125599825
3,2.0,30,30,30.0,fifo,PREPA,2569,2569,0,14,14,14,2510,0.0,0.005449591280653951,0.005449591280653951,7.0992815394852355
3,2.0,30,30,30.0,priority_ing,ING,12559,4092,0,51,51,51,4036,0.0,0.012463343108504398,0.012463343108504398,7.110451150663742
3,2.0,30,30,30.0,priority_ing,PREPA,2504,2504,0,15,15,15,2433,0.0,0.0059904153354632585,0.0059904153354632585,7.925661771489334
3,2.0,30,30,30.0,split_servers,ING,12628,3305,795,25,25,25,3279,0.06295533734558124,0.007564296520423601,0.007564296520423601,6.808767281725685
3,2.0,30,30,30.0,split_servers,PREPA,2546,2267,279,4,4,4,2038,0.10958366064414768,0.00176444640494045,0.00176444640494045,45.23879210744438
3,2.0,30,30,,fifo,ING,12563,11889,674,4844,4844,4844,6749,0.05364960598583141,0.4074354445285558,0.4074354445285558,20.285245795368024
3,2.0,30,30,,fifo,PREPA,2547,2395,152,778,778,778,1554,0.0596780526109148,0.3248434237995825,0.3248434237995825,21.22707196073014
3,2.0,30,30,,priority_ing,ING,12631,11746,885,4728,4728,4728,6817,0.07006571134510332,0.4025200068108292,0.4025200068108292,16.195585584342414
3,2.0,30,30,,priority_ing,PREPA,2635,2454,181,816,816,816,1460,0.06869070208728653,0.33251833740831294,0.33251833740831294,46.758602566309236
3,2.0,30,30,,split_servers,ING,12722,11192,1530,4035,4035,4035,6975,0.12026410941675837,0.3605253752680486,0.3605253752680486,17.53422224396031
3,2.0,30,30,,split_servers,PREPA,2581,2263,318,750,750,750,1329,0.12320805889190237,0.3314184710561202,0.3314184710561202,46.11174363874222
4,1.0,10,5,10.0,fifo,ING,12669,4146,23,2075,2075,2075,2018,0.0018154550477543611,0.5004823926676315,0.5004823926676315,5.476224245817554
4,1.0,10,5,10.0,fifo,PREPA,2602,2598,4,791,791,791,1779,0.0015372790161414297,0.3044649730561971,0.3044649730561971,6.202198090760117
4,1.0,10,5,10.0,priority_ing,ING,12703,4166,14,2097,2097,2097,2012,0.0011021018657010155,0.5033605376860297,0.5033605376860297,5.312950704669596
4,1.0,10,5,10.0,priority_ing,PREPA,2508,2503,5,748,748,748,1739,0.001993620414673046,0.29884139033160206,0.29884139033160206,6.055457158641715
4,1.0,10,5,10.0,split_servers,ING,12642,3169,1082,1234,1234,1234,1895,0.08558772346147761,0.38939728621016095,0.38939728621016095,4.777716952359024
4,1.0,10,5,10.0,split_servers,PREPA,2536,2147,389,438,438,438,1625,0.153391167192429,0.2040055891942245,0.2040055891942245,22.322425691106496
4,1.0,10,5,30.0,fifo,ING,12626,4028,31,2594,2594,2594,1434,0.00245525106922224,0.6439920556107249,0.6439920556107249,6.024639614933198
4,1.0,10,5,30.0,fifo,PREPA,2540,2531,9,646,646,646,1854,0.003543307086614173,0.2552350849466614,0.2552350849466614,5.298612796694016
4,1.0,10,5,30.0,priority_ing,ING,12564,4079,10,2616,2616,2616,1463,0.000795924864692773,0.641333660210836,0.641333660210836,5.872684585260094
4,1.0,10,5,30.0,priority_ing,PREPA,2561,2554,7,634,634,634,1892,0.002733307301835221,0.24823805794831635,0.24823805794831635,5.398305882749107
4,1.0,10,5,30.0,split_servers,ING,12734,3233,929,1823,1823,1823,1410,0.0729542955866185,0.5638725641818744,0.5638725641818744,5.527699084115379
4,1.0,10,5,30.0,split_servers,PREPA,2540,2126,414,432,432,432,1614,0.16299212598425197,0.20319849482596425,0.20319849482596425,20.541941929581338
4,1.0,10,5,,fifo,ING,12573,12352,221,8861,8861,8861,3427,0.0175773482860097,0.7173737046632125,0.7173737046632125,6.74303171599882
4,1.0,10,5,,fifo,PREPA,2576,2525,51,1723,1723,1723,785,0.019798136645962732,0.6823762376237624,0.6823762376237624,8.120282017706757
4,1.0,10,5,,priority_ing,ING,12552,12402,150,8844,8844,8844,3511,0.011950286806883365,0.7131107885824867,0.7131107885824867,6.4789608095337945
4,1.0,10,5,,priority_ing,PREPA,2491,2456,35,1664,1664,1664,778,0.014050582095543959,0.6775244299674267,0.6775244299674267,8.239916699586203
4,1.0,10,5,,split_servers,ING,12511,10760,1751,7156,7156,7156,3555,0.13995683798257533,0.6650557620817844,0.6650557620817844,6.137763707528978
4,1.0,10,5,,split_servers,PREPA,2470,2108,362,1320,1320,1320,726,0.1465587044534413,0.6261859582542695,0.6261859582542695,22.28039015326845
4,1.0,10,30,10.0,fifo,ING,12657,4184,30,1715,1715,1715,2313,0.002370229912301493,0.40989483747609945,0.40989483747609945,27.568416183204945
4,1.0,10,30,10.0,fifo,PREPA,2565,2560,5,640,640,640,1829,0.001949317738791423,0.25,0.25,28.669165791720477
4,1.0,10,30,10.0,priority_ing,ING,12613,4162,12,1670,1670,1670,2350,0.0009513993498771109,0.4012493993272465,0.4012493993272465,27.307652801560458
4,1.0,10,30,10.0,priority_ing,PREPA,2591,2587,4,648,648,648,1833,0.0015438054805094559,0.250483185156552,0.250483185156552,28.46567099937618
4,1.0,10,30,10.0,split_servers,ING,12799,3166,966,705,705,705,2338,0.07547464645675443,0.22267845862286798,0.22267845862286798,23.936927085602267
4,1.0,10,30,10.0,split_servers,PREPA,2495,2127,368,264,264,264,1745,0.1474949899799599,0.12411847672778561,0.12411847672778561,40.21985935590678
4,1.0,10,30,30.0,fifo,ING,12772,4107,35,1961,1961,1961,2055,0.00274036955840902,0.4774774774774775,0.4774774774774775,26.73879001677583
4,1.0,10,30,30.0,fifo,PREPA,2464,2456,8,499,499,499,1882,0.003246753246753247,0.20317589576547232,0.20317589576547232,26.27285834766908
4,1.0,10,30,30.0,priority_ing,ING,12688,4058,30,1853,1853,1853,2120,0.002364438839848676,0.45662888122227696,0.45662888122227696,26.139430978794252
4,1.0,10,30,30.0,priority_ing,PREPA,2552,2546,6,550,550,550,1920,0.0023510971786833857,0.21602513747054203,0.21602513747054203,25.804298595295073
4,1.0,10,30,30.0,split_servers,ING,12650,3209,925,944,944,944,2184,0.07312252964426877,0.29417263945154254,0.29417263945154254,21.367530254556883
4,1.0,10,30,30.0,split_servers,PREPA,2485,2116,369,214,214,214,1786,0.14849094567404428,0.10113421550094517,0.10113421550094517,36.58258160452828
4,1.0,10,30,,fifo,ING,12648,12418,230,8795,8795,8795,3406,0.018184693232131562,0.7082460943791271,0.7082460943791271,31.052350821243852
4,1.0,10,30,,fifo,PREPA,2530,2474,56,1696,1696,1696,736,0.022134387351778657,0.6855295068714632,0.6855295068714632,32.4146797794699
4,1.0,10,30,,priority_ing,ING,12566,12408,158,8729,8729,8729,3491,0.012573611332166163,0.7034977433913604,0.7034977433913604,29.96369627423325
4,1.0,10,30,,priority_ing,PREPA,2513,2472,41,1627,1627,1627,785,0.01631516116195782,0.6581715210355987,0.6581715210355987,31.88329423470441
4,1.0,10,30,,split_servers,ING,12466,10784,1682,6988,6988,6988,3600,0.13492700144392747,0.6479970326409495,0.6479970326409495,29.27945672385788
4,1.0,10,30,,split_servers,PREPA,2494,2125,369,1314,1314,1314,717,0.14795509222133119,0.6183529411764705,0.6183529411764705,44.389618782079914
4,1.0,30,5,10.0,fifo,ING,12604,4166,0,2091,2091,2091,2021,0.0,0.5019203072491598,0.5019203072491598,5.438565966922633
4,1.0,30,5,10.0,fifo,PREPA,2567,2567,0,745,745,745,1800,0.0,0.2902220490845345,0.2902220490845345,6.143055726390122
4,1.0,30,5,10.0,priority_ing,ING,12766,4181,0,2141,2141,2141,1982,0.0,0.5120784501315475,0.5120784501315475,5.400642547866855
4,1.0,30,5,10.0,priority_ing,PREPA,2532,2532,0,773,773,773,1740,0.0,0.30529225908372826,0.30529225908372826,6.070132333749309
4,1.0,30,5,10.0,split_servers,ING,12630,3585,669,1610,1610,1610,1924,0.05296912114014252,0.4490934449093445,0.4490934449093445,5.121894526349886
4,1.0,30,5,10.0,split_servers,PREPA,2579,2306,273,495,495,495,1618,0.1058549825513765,0.21465741543798786,0.21465741543798786,48.8618228227375
4,1.0,30,5,30.0,fifo,ING,12678,4150,0,2713,2713,2713,1437,0.0,0.6537349397590362,0.6537349397590362,6.124062574717383
4,1.0,30,5,30.0,fifo,PREPA,2570,2570,0,684,684,684,1868,0.0,0.266147859922179,0.266147859922179,5.287757334521719
4,1.0,30,5,30.0,priority_ing,ING,12612,4117,0,2618,2618,2618,1499,0.0,0.6358999271314064,0.6358999271314064,5.741883911826453
4,1.0,30,5,30.0,priority_ing,PREPA,2545,2545,0,646,646,646,1877,0.0,0.2538310412573674,0.2538310412573674,5.32707667386174
4,1.0,30,5,30.0,split_servers,ING,12599,3795,324,2281,2281,2281,1514,0.02571632669259465,0.6010540184453228,0.6010540184453228,5.502667422902261
4,1.0,30,5,30.0,split_servers,PREPA,2522,2344,178,523,523,523,1638,0.07057890563045202,0.22312286689419794,0.22312286689419794,41.72059729633475
4,1.0,30,5,,fifo,ING,12509,12509,0,9029,9029,9029,3431,0.0,0.7218003037812775,0.7218003037812775,6.8470937334521995
4,1.0,30,5,,fifo,PREPA,2537,2537,0,1767,1767,1767,763,0.0,0.696491919590067,0.696491919590067,8.180569557334065
4,1.0,30,5,,priority_ing,ING,12573,12573,0,9103,9103,9103,3425,0.0,0.7240117712558658,0.7240117712558658,6.596098187070486
4,1.0,30,5,,priority_ing,PREPA,2471,2471,0,1701,1701,1701,751,0.0,0.6883852691218131,0.6883852691218131,9.136073816853898
4,1.0,30,5,,split_servers,ING,12695,11498,1197,7932,7932,7932,3517,0.09428909019298937,0.6898591059314664,0.6898591059314664,6.3372390515376935
4,1.0,30,5,,split_servers,PREPA,2492,2256,236,1391,1391,1391,671,0.09470304975922954,0.6165780141843972,0.6165780141843972,48.45551178403035
4,1.0,30,30,10.0,fifo,ING,12666,4223,0,1756,1756,1756,2323,0.0,0.41581813876391194,0.41581813876391194,27.651536028715352
4,1.0,30,30,10.0,fifo,PREPA,2499,2499,0,580,580,580,1819,0.0,0.23209283713485393,0.23209283713485393,28.752587273685847
4,1.0,30,30,10.0,priority_ing,ING,12621,4143,0,1660,1660,1660,2338,0.0,0.40067583876418056,0.40067583876418056,27.070270278711213
4,1.0,30,30,10.0,priority_ing,PREPA,2605,2605,0,622,622,622,1863,0.0,0.23877159309021112,0.23877159309021112,28.416579919575547
4,1.0,30,30,10.0,split_servers,ING,12626,3309,855,842,842,842,2353,0.06771740852209726,0.25445754004230886,0.25445754004230886,23.16568303973742
4,1.0,30,30,10.0,split_servers,PREPA,2643,2249,394,266,266,266,1695,0.14907302307983353,0.11827478879502001,0.11827478879502001,68.08649021112831
4,1.0,30,30,30.0,fifo,ING,12704,4167,0,2016,2016,2016,2055,0.0,0.4838012958963283,0.4838012958963283,26.378888145325394
4,1.0,30,30,30.0,fifo,PREPA,2517,2517,0,488,488,488,1934,0.0,0.19388160508541916,0.19388160508541916,25.65662744743357
4,1.0,30,30,30.0,priority_ing,ING,12689,4137,0,1945,1945,1945,2097,0.0,0.4701474498428813,0.4701474498428813,26.25484426467869
4,1.0,30,30,30.0,priority_ing,PREPA,2531,2531,0,536,536,536,1920,0.0,0.2117740023706045,0.2117740023706045,26.00978667086388
4,1.0,30,30,30.0,split_servers,ING,12671,3415,664,1049,1049,1049,2297,0.05240312524662615,0.3071742313323573,0.3071742313323573,21.595941316697235
4,1.0,30,30,30.0,split_servers,PREPA,2512,2276,236,246,246,246,1752,0.09394904458598727,0.10808435852372583,0.10808435852372583,59.27709168207823
4,1.0,30,30,,fifo,ING,12486,12485,1,8849,8849,8849,3437,8.008970046452026e-05,0.7087705246295555,0.7087705246295555,30.67882540526185
4,1.0,30,30,,fifo,PREPA,2558,2558,0,1746,1746,1746,778,0.0,0.6825645035183737,0.6825645035183737,31.73038909676332
4,1.0,30,30,,priority_ing,ING,12707,12707,0,9113,9113,9113,3400,0.0,0.7171637680018887,0.7171637680018887,30.86476589992252
4,1.0,30,30,,priority_ing,PREPA,2497,2497,0,1710,1710,1710,733,0.0,0.6848217861433721,0.6848217861433721,33.72277203799802
4,1.0,30,30,,split_servers,ING,12610,11396,1214,7687,7687,7687,3514,0.09627279936558288,0.6745349245349246,0.6745349245349246,29.927807453276444
4,1.0,30,30,,split_servers,PREPA,2497,2266,231,1339,1339,1339,701,0.09251101321585903,0.5909090909090909,0.5909090909090909,70.04935761418032
4,2.0,10,5,10.0,fifo,ING,12729,4164,8,958,958,958,3160,0.000628486134024668,0.23006724303554274,0.23006724303554274,2.718855068167291
4,2.0,10,5,10.0,fifo,PREPA,2508,2508,0,205,205,205,2282,0.0,0.0817384370015949,0.0817384370015949,3.480955265197262
4,2.0,10,5,10.0,priority_ing,ING,12664,4176,15,899,899,899,3229,0.001184459886291851,0.2152777777777778,0.2152777777777778,2.6936713314747593
4,2.0,10,5,10.0,priority_ing,PREPA,2609,2608,1,301,301,301,2284,0.0003832886163280951,0.11541411042944785,0.11541411042944785,3.455443598813075
4,2.0,10,5,10.0,split_servers,ING,12649,3206,1049,523,523,523,2642,0.08293145703217646,0.16313162819713037,0.16313162819713037,2.3627459296181486
4,2.0,10,5,10.0,split_servers,PREPA,2552,2139,413,129,129,129,1939,0.16183385579937304,0.06030855539971949,0.06030855539971949,18.974824660703213
4,2.0,10,5,30.0,fifo,ING,12618,4128,56,1556,1556,1556,2572,0.004438104295450943,0.37693798449612403,0.37693798449612403,3.3207752322126614
4,2.0,10,5,30.0,fifo,PREPA,2532,2522,10,303,303,303,2212,0.0039494470774091624,0.12014274385408406,0.12014274385408406,3.259306489500916
4,2.0,10,5,30.0,priority_ing,ING,12702,4198,46,1631,1631,1631,2567,0.0036214769327664936,0.3885183420676513,0.3885183420676513,3.1353067652704043
4,2.0,10,5,30.0,priority_ing,PREPA,2505,2500,5,302,302,302,2182,0.001996007984031936,0.1208,0.1208,3.579026171604822
4,2.0,10,5,30.0,split_servers,ING,12702,3211,976,918,918,918,2293,0.07683829318217604,0.28589224540641545,0.28589224540641545,2.765254230273431
4,2.0,10,5,30.0,split_servers,PREPA,2517,2132,385,200,200,200,1871,0.15295987286452126,0.09380863039399624,0.09380863039399624,19.02857241804766
4,2.0,10,5,,fifo,ING,12723,12482,241,5697,5697,5697,6734,0.01894207341035919,0.4564172408267906,0.4564172408267906,3.7490812768425044
4,2.0,10,5,,fifo,PREPA,2597,2534,63,1073,1073,1073,1442,0.02425876010781671,0.4234411996842936,0.4234411996842936,4.993811421523248
4,2.0,10,5,,priority_ing,ING,12755,12613,142,5913,5913,5913,6638,0.011132889063112505,0.4688020296519464,0.4688020296519464,3.5434457055004556
4,2.0,10,5,,priority_ing,PREPA,2540,2517,23,1046,1046,1046,1453,0.00905511811023622,0.4155740961462058,0.4155740961462058,5.819664362957719
4,2.0,10,5,,split_servers,ING,12671,10694,1977,3928,3928,3928,6730,0.15602557019966853,0.3673087712736114,0.3673087712736114,3.1309610668078696
4,2.0,10,5,,split_servers,PREPA,2451,2060,391,705,705,705,1294,0.15952672378620972,0.3422330097087379,0.3422330097087379,18.98236851747918
4,2.0,10,30,10.0,fifo,ING,12752,4155,20,2,2,2,4093,0.0015683814303638645,0.0004813477737665463,0.0004813477737665463,4.272790958386151
4,2.0,10,30,10.0,fifo,PREPA,2497,2491,6,0,0,0,2473,0.0024028834601521826,0.0,0.0,5.03470052738285
4,2.0,10,30,10.0,priority_ing,ING,12519,4120,9,7,7,7,4058,0.0007189072609633358,0.0016990291262135922,0.0016990291262135922,3.922532590552831
4,2.0,10,30,10.0,priority_ing,PREPA,2554,2552,2,1,1,1,2533,0.0007830853563038371,0.00039184952978056425,0.00039184952978056425,4.9182471368330365
4,2.0,10,30,10.0,split_servers,ING,12623,3165,1012,1,1,1,3127,0.08017111621643032,0.000315955766192733,0.000315955766192733,3.4007221512689543
4,2.0,10,30,10.0,split_servers,PREPA,2518,2137,381,0,0,0,2074,0.15131056393963463,0.0,0.0,19.670860605703922
4,2.0,10,30,30.0,fifo,ING,12646,4013,82,111,111,111,3902,0.00648426379882967,0.02766010465985547,0.02766010465985547,7.802573245772039
4,2.0,10,30,30.0,fifo,PREPA,2544,2526,18,21,21,21,2481,0.007075471698113208,0.00831353919239905,0.00831353919239905,7.007486150269273
4,2.0,10,30,30.0,priority_ing,ING,12502,4041,24,75,75,75,3959,0.001919692849144137,0.01855976243504083,0.01855976243504083,7.411509359401509
4,2.0,10,30,30.0,priority_ing,PREPA,2636,2625,11,37,37,37,2565,0.00417298937784522,0.014095238095238095,0.014095238095238095,7.317466267693889
4,2.0,10,30,30.0,split_servers,ING,12564,3141,923,26,26,26,3115,0.07346386501114295,0.008277618592804839,0.008277618592804839,5.717469520265695
4,2.0,10,30,30.0,split_servers,PREPA,2512,2152,360,7,7,7,2077,0.14331210191082802,0.0032527881040892194,0.0032527881040892194,19.75932735993814
4,2.0,10,30,,fifo,ING,12527,12311,216,5308,5308,5308,6816,0.01724275564780075,0.43115912598489153,0.43115912598489153,15.833862818104661
4,2.0,10,30,,fifo,PREPA,2558,2510,48,997,997,997,1466,0.018764659890539485,0.39721115537848606,0.39721115537848606,17.109916535842103
4,2.0,10,30,,priority_ing,ING,12730,12584,146,5528,5528,5528,6865,0.011468970934799686,0.4392879847425302,0.4392879847425302,15.643070176484883
4,2.0,10,30,,priority_ing,PREPA,2478,2443,35,964,964,964,1421,0.014124293785310734,0.39459680720425705,0.39459680720425705,17.760551836396726
4,2.0,10,30,,split_servers,ING,12669,10433,2236,3360,3360,3360,6885,0.17649380377298918,0.3220550177321959,0.3220550177321959,14.154000882047146
4,2.0,10,30,,split_servers,PREPA,2539,2081,458,573,573,573,1444,0.18038597873178416,0.2753483901970207,0.2753483901970207,30.113767312711573
4,2.0,30,5,10.0,fifo,ING,12731,4190,0,978,978,978,3163,0.0,0.2334128878281623,0.2334128878281623,2.736941506341407
4,2.0,30,5,10.0,fifo,PREPA,2533,2533,0,219,219,219,2289,0.0,0.08645874457165416,0.08645874457165416,3.51557927537543
4,2.0,30,5,10.0,priority_ing,ING,12606,4138,0,874,874,874,3216,0.0,0.2112131464475592,0.2112131464475592,2.624705634493029
4,2.0,30,5,10.0,priority_ing,PREPA,2561,2561,0,268,268,268,2269,0.0,0.10464662241311988,0.10464662241311988,3.498470111749028
4,2.0,30,5,10.0,split_servers,ING,12671,3279,854,594,594,594,2660,0.06739799542261858,0.18115279048490393,0.18115279048490393,2.4450125522356387
4,2.0,30,5,10.0,split_servers,PREPA,2574,2239,335,152,152,152,1872,0.13014763014763014,0.06788744975435462,0.06788744975435462,43.9002942259754
4,2.0,30,5,30.0,fifo,ING,12648,4170,0,1592,1592,1592,2578,0.0,0.3817745803357314,0.3817745803357314,3.3497443289211666
4,2.0,30,5,30.0,fifo,PREPA,2572,2572,0,359,359,359,2197,0.0,0.13958009331259721,0.13958009331259721,3.371914902497639
4,2.0,30,5,30.0,priority_ing,ING,12720,4211,0,1665,1665,1665,2546,0.0,0.3953930182854429,0.3953930182854429,3.2215503910464194
4,2.0,30,5,30.0,priority_ing,PREPA,2528,2528,0,314,314,314,2202,0.0,0.12420886075949367,0.12420886075949367,3.566613632374103
4,2.0,30,5,30.0,split_servers,ING,12542,3427,659,1064,1064,1064,2363,0.052543453994578215,0.3104756346658885,0.3104756346658885,2.8318587946450395
4,2.0,30,5,30.0,split_servers,PREPA,2570,2269,301,192,192,192,1870,0.11712062256809339,0.08461877479065667,0.08461877479065667,45.278162640482996
4,2.0,30,5,,fifo,ING,12648,12634,14,5992,5992,5992,6595,0.0011068943706514865,0.47427576381193604,0.47427576381193604,4.010462324689405
4,2.0,30,5,,fifo,PREPA,2570,2568,2,1025,1025,1025,1531,0.0007782101167315176,0.39914330218068533,0.39914330218068533,5.380443097310179
4,2.0,30,5,,priority_ing,ING,12575,12575,0,5799,5799,5799,6729,0.0,0.46115308151093437,0.46115308151093437,3.5462285164005674
4,2.0,30,5,,priority_ing,PREPA,2653,2653,0,1100,1100,1100,1524,0.0,0.4146249528835281,0.4146249528835281,6.260730806644697
4,2.0,30,5,,split_servers,ING,12620,11275,1345,4567,4567,4567,6657,0.10657686212361331,0.4050554323725055,0.4050554323725055,3.254031575749832
4,2.0,30,5,,split_servers,PREPA,2530,2237,293,775,775,775,1272,0.1158102766798419,0.34644613321412604,0.34644613321412604,47.96955251804202
4,2.0,30,30,10.0,fifo,ING,12785,4170,0,0,0,0,4118,0.0,0.0,0.0,4.494335939803546
4,2.0,30,30,10.0,fifo,PREPA,2459,2459,0,0,0,0,2439,0.0,0.0,0.0,5.307854600255422
4,2.0,30,30,10.0,priority_ing,ING,12459,4076,0,0,0,0,4033,0.0,0.0,0.0,3.8398713640933027
4,2.0,30,30,10.0,priority_ing,PREPA,2564,2564,0,0,0,0,2550,0.0,0.0,0.0,4.840492934130513
4,2.0,30,30,10.0,split_servers,ING,12558,3472,757,0,0,0,3429,0.06028029941073419,0.0,0.0,3.8147922960822656
4,2.0,30,30,10.0,split_servers,PREPA,2586,2300,286,0,0,0,2089,0.1105955143078113,0.0,0.0,43.93084250773787
4,2.0,30,30,30.0,fifo,ING,12712,4097,0,123,123,123,3973,0.0,0.030021967293141324,0.030021967293141324,8.103453037001511
4,2.0,30,30,30.0,fifo,PREPA,2462,2462,0,30,30,30,2409,0.0,0.012185215272136474,0.012185215272136474,7.3874638376133195
4,2.0,30,30,30.0,priority_ing,ING,12554,4087,0,114,114,114,3966,0.0,0.027893320283826767,0.027893320283826767,7.6210364256860785
4,2.0,30,30,30.0,priority_ing,PREPA,2620,2620,0,43,43,43,2531,0.0,0.016412213740458016,0.016412213740458016,7.366808298403816
4,2.0,30,30,30.0,split_servers,ING,12661,3841,321,104,104,104,3732,0.0253534475949767,0.027076282218172352,0.027076282218172352,7.2359596206387975
4,2.0,30,30,30.0,split_servers,PREPA,2461,2332,129,14,14,14,2117,0.052417716375457134,0.006003430531732418,0.006003430531732418,37.17545335315154
4,2.0,30,30,,fifo,ING,12710,12710,0,5554,5554,5554,6948,0.0,0.436978756884343,0.436978756884343,15.83297253410322
4,2.0,30,30,,fifo,PREPA,2517,2517,0,974,974,974,1495,0.0,0.38696861342868494,0.38696861342868494,17.1760559525404
4,2.0,30,30,,priority_ing,ING,12798,12798,0,5557,5557,5557,7049,0.0,0.434208470073449,0.434208470073449,15.339162809316106
4,2.0,30,30,,priority_ing,PREPA,2468,2468,0,978,978,978,1421,0.0,0.39627228525121555,0.39627228525121555,17.783613824852655
4,2.0,30,30,,split_servers,ING,12542,11598,944,4402,4402,4402,7012,0.07526710253548079,0.3795481979651664,0.3795481979651664,14.743050172161286
4,2.0,30,30,,split_servers,PREPA,2548,2369,179,832,832,832,1330,0.07025117739403454,0.35120303925707047,0.35120303925707047,50.60905252999637
